X,totallength,dMeasd,trial1,trial2,trial3,trial4,trial5,trial6,trial7,trial8,trial9,trial10,trial11,trial12,trial13,trial14,trial15,trial16,trial17,trial18,trial19,trial20,trial21,trial22,trial23,trial24,trial25,trial26,trial27,trial28,trial29,trial30,trial31,trial32,trial33,trial34,trial35,trial36,trial37,trial38,trial39,trial40,trial41,trial42,trial43,trial44,trial45,trial46,trial47,trial48,trial49,trial50,trial51,trial52,trial53,trial54,trial55,trial56,trial57,trial58,trial59,trial60,trial61,trial62,trial63,trial64,trial65,trial66,trial67,trial68,trial69,trial70,trial71,trial72,trial73,trial74,trial75,trial76,trial77,trial78,trial79,trial80,trial81,trial82,trial83,trial84,trial85,trial86,trial87,trial88,trial89,trial90,trial91,trial92,trial93,trial94,trial95,trial96,trial97,trial98,trial99,trial100,ci_length,lower_CI,upper_CI,mean,tooth,Layer
l1,23,16.9723275755461,16.441770611104,16.6902776813225,16.9801146691509,16.0088632210725,16.5136957225022,16.1196970526233,16.4827149344082,16.6240779051155,15.9586657741676,16.5067912903178,15.5061230412289,16.0942951049481,15.8577524788556,16.2564931515416,17.2370005630052,16.4629626708888,17.1028610100597,16.9914567422544,16.4156069686317,16.8201132411563,17.1621731548333,16.6025384883413,17.3445042048282,16.5489932737894,16.571150448664,16.224321525688,15.9502690548136,16.5628491241596,16.3852381555702,15.5091972130208,15.7461922965967,15.4127511218993,15.7154506689443,15.2428839470748,16.8804948654553,16.5910112520576,16.9746615998758,16.7152962586615,16.8654101525985,16.0421828220846,16.6748798447449,15.9955853254112,15.6897851325829,16.0696488095399,16.5204108864977,16.9932062383119,15.7001133911129,16.093873675298,16.5217234839398,16.0800887211257,16.2472676593072,16.2501456995032,15.8965687930974,17.2329911411409,16.2449454428973,16.3150286559538,16.8067238370575,16.2519612875052,17.1058203557703,17.3558864906232,15.6426223467464,15.6042316078096,17.0223692126078,15.3896726422653,16.9827180841057,16.9966143457632,15.2226386488758,17.1010009830786,15.4746558102789,16.440773156042,16.2952484111059,15.9556473213182,15.8329899260741,17.2016647867897,17.1018158058928,15.4746436370223,16.8513747157606,15.9479883913972,16.7465939096195,16.9811422226734,15.9539309750075,16.2923189839563,16.1986821751888,16.0602950760116,16.0241172680857,16.2306190353978,15.6598897077493,16.6498167349016,15.3405226664319,16.2816443547044,16.9131170298161,15.9788486324352,16.8763498620002,15.7606514984848,15.3871657164668,16.9943500861635,17.0862910109894,15.6821949382913,17.0265274023624,16.3301757839563,2.3,15.3638441914494,17.234995852073,16.3577406021179,AXL66,III
l2,44,16.9723275755461,16.5635041811665,18.4862683309693,18.2661149678932,18.5854126356868,16.0058961355439,17.775923111034,17.6931919190001,17.7494208469023,17.1201527340805,17.9851602173072,17.0503882724467,16.4332236972451,17.0286413381665,17.3017321066142,18.3408556588303,18.0469091610177,17.1676769957577,18.1524471282116,17.4020716213524,18.1710411608948,17.8281594278279,18.5337931206435,17.5038869438453,17.4403523932755,17.5487880411874,18.4696135506719,17.5503411134157,18.3867358538512,15.7887941484919,16.8665796293385,17.0836308310687,18.7004901690079,18.3715529727399,17.8096866765535,17.543945649897,17.9392600438323,17.9785098074624,17.820092149552,17.3391120048609,17.1223064871178,16.964240943034,17.9448569890969,16.3762549122245,18.6083061550208,18.2528889029078,18.7263663909172,17.8822149137863,19.4265728960543,19.3988273397875,17.5826316967555,16.9500819410355,17.1845910203503,17.8599922023174,17.5625208543349,17.3796658729677,17.6576880918915,17.9412919012072,16.9365703650968,17.2045550218106,18.6338036719296,16.6285117087721,17.045029666367,18.1045114129601,16.1315555249276,16.8646302263746,17.5441670403727,17.2663523224098,18.0028054968651,16.6167222058826,17.225854073532,16.7846161984481,17.5395363137733,17.5553875173105,18.1671681461611,18.2977399842504,17.1454499341176,17.3942722365387,16.7046423854274,19.0585002288959,16.9982376386818,17.6504912806843,18.4565314231916,17.1898304840937,18.3784082108068,17.6558641454432,18.3337267596574,19.1916600941095,19.2876334129724,17.8421878635709,17.4664548922095,18.5606179594568,18.4995883531904,19.4219632252317,18.4574833944675,18.5518372523267,19.7892334752363,18.8335648208173,18.1884963399827,19.514584860646,19.0467673994301,4.4,16.253905218576,19.424268060643,17.7801042455686,AXL66,III
l3,83,16.2564957868955,13.4980787995666,14.6461836390007,12.9536553843733,14.5624722453231,14.3620693913598,14.5736801619768,14.2890835971194,14.8445563700524,14.1118464071302,14.8060030958273,13.6387927171136,14.4772007718219,13.1856136077636,13.717232578835,12.3586940901685,12.320828927063,12.7528941546405,12.6851019473044,14.6143723409426,13.6073382741157,14.5415346709861,13.7383407218211,13.4657900188964,13.1291852608375,11.3305277772503,13.359696277359,14.2475606705199,14.8436995013166,14.258044242614,15.6676139956018,15.1265433516845,14.008189144424,12.433395155722,13.1459059321031,14.6377376944123,14.1267711469449,13.3293619391862,14.8922323596405,14.3412129011525,12.5405647187809,14.5966467723311,13.1707801893479,14.3375448253963,14.2507644720261,15.0680476943898,14.1254068277333,14.9765398253421,14.2577939815693,13.1422344865196,13.8028265056785,13.9159905045659,13.6558928173464,14.0767752807297,13.3837578338586,14.1515642027666,15.4565180533754,12.8080811826759,13.5837212000427,15.3416642957395,12.7004441444,13.903781205806,14.1138810448968,12.9965068337845,13.0656054349502,13.6036456295789,13.4461441785727,13.1295477175846,14.1753981238786,12.9435111145122,12.724223698892,12.6170035502506,13.4372338978894,14.1256315359383,13.8424341625049,14.0792844683759,14.0385010881561,13.697632689589,14.5697278177484,12.6588559961935,14.3882679374433,13.5602992875845,14.1187860005364,14.1379493197381,13.5802933301579,13.5871440615096,13.3961475784622,13.7867132725452,14.7459381101261,13.5153331598847,14.9540363567364,14.4927710293409,12.8040893569228,12.3041362213883,13.3803324451469,13.860254980094,13.6865341435937,13.6201251471669,14.3765147946638,13.5528105300992,15.075388513928,8.3,12.3397615086157,15.3990911745575,13.8447674517985,AXL66,III
l4,85,15.8993841695038,12.3908495059952,12.6158292608116,13.4846999634597,12.7444881961864,13.5846910021984,12.6265235791318,14.0515197334198,12.5568380718697,13.0192409389827,13.402515467459,12.1628404211207,11.3075515788111,10.4343164471202,10.8837236068133,11.1479754417694,11.3854399573526,12.0485450735058,13.0373198045795,13.5577524899795,12.9116636401503,10.8470568618031,11.9131944718159,14.3902084420967,12.9653470443916,11.0262066660815,12.2203250336822,13.192791249308,13.8888411341952,14.4201041522487,12.1146447681045,12.7270185548445,12.7993950001727,12.0859053171232,15.0141343077723,12.0071326211668,13.2468210981479,12.2436233720724,12.5477097806703,11.9486410908238,13.1194320329913,12.7605346275042,11.0284046669406,13.8587553606372,12.335070760552,11.95521888892,10.8340577356063,12.8432859335257,13.8838576709121,11.5911299477385,11.6049035875245,10.7556621334844,12.3206557665047,13.3772937335211,11.1424803544475,11.0360411115276,11.322185753591,12.1438325970359,10.631218444295,11.0589417471077,11.2743562817678,10.9787150031399,11.0353477762832,12.3119792037546,11.135845921376,12.8582696421858,11.2758748968015,9.48911426118615,12.4088529930114,11.3918525689019,11.883005205873,12.3421696959666,12.1658017401666,13.7357277327451,13.8329808398784,10.2550377373507,10.6495760426525,11.2740462524833,12.5211330356017,10.1231222695165,11.9205785422383,12.318654999316,13.5181052181294,12.2893314800036,14.2617921924908,14.5502937997137,13.3865980438991,15.0456719932503,13.7866731109205,14.0965863428264,14.9584357991413,14.9778428883269,14.0794845617904,13.958535390249,14.8474959940664,13.3974565272817,13.5868679164218,15.0950195150699,14.9190878043695,15.5572823816804,14.4564232618938,8.5,10.3446770922354,15.0703457541601,12.6178890993548,AXL66,III
l5,113,15.4817983728686,12.6799232194774,11.7957650172716,11.7270201789808,9.9492289318664,10.4378293676824,11.6760769201406,11.0930561092709,10.8934087486724,10.6435545074222,11.0051620003982,12.6135107365991,13.2787139480918,12.9351980958141,12.2806386407257,9.31456880235354,11.3491951273349,12.2363923055111,11.366951132861,11.7650751458851,12.1001526912389,11.6933256183283,12.635381510336,12.0810666879936,11.7247600523944,12.0280056607743,12.8382833981656,12.2738965335478,11.0139293851856,13.0042598242699,14.1371182421534,11.802886493057,10.6431915931889,12.2484251775933,10.8630410712499,11.9716281182592,11.6165950017098,12.7155071992239,12.8799221571456,11.4772805284824,12.7614501276247,11.8952152387385,12.2226784029527,11.6819018274932,11.5502435288253,12.789272291707,13.1373446197208,12.8576014174692,12.425153522988,14.0327906844986,15.2483502023053,12.6352952562778,12.9746068338549,11.1862074539926,13.3589846141106,12.0289198659824,12.1216551200755,13.367448659373,13.0547358046894,14.0125031279497,13.0133188569733,13.5125330753076,13.573241471435,11.2110745393486,12.0178371261001,11.7720528630259,11.1039313527408,12.0533559433083,11.7584250025795,11.6656243359036,12.997439317669,12.7819769496085,13.2556621626441,12.6148658564391,13.0120005755675,12.6934095746651,12.4414580070573,10.6295218480439,11.8990644640807,12.0734877391046,11.2737142497194,10.7988425470444,13.7629084840329,12.9894144535984,12.565312478489,11.6108287349361,10.4033599003567,10.6678059455278,12.1776309639984,11.644603981234,11.8005521065689,12.0532566807564,12.3227743355338,12.2834339830458,12.2868950310392,12.5475492793623,11.8244491530569,12.3257078861361,10.5524982989919,11.8353373772071,11.6502460583043,11.3,10.4205946340195,14.084954463326,12.1492226321257,AXL66,III
l6,150,17.0724400005605,15.1748511643522,14.7279754311631,14.1734891598026,15.948117256032,15.6270018662997,15.000048096347,15.6359573913435,15.4624893672649,15.3048223748143,15.7774925431454,15.1422265234474,15.2833962842023,16.4135286002464,14.1536191828752,15.5038193123048,13.5210194484908,15.9354730997915,14.2166119203679,14.213300792704,15.0172749602027,14.9842577638954,15.3899979041107,13.7552191218837,17.009140866987,17.3770127737474,16.2949616567813,14.7593656853957,15.7030237319493,16.1111228888572,15.6862902225682,15.0561958595478,16.6461805554957,16.6629127697748,15.5514144648904,15.6458008287917,16.2786400039557,16.0661345678809,16.2809161510247,16.708263553505,15.3570644793657,15.8493707067369,16.5485380991277,15.2196647027828,15.6934186549965,16.6139246019678,16.2446113276438,15.1250215126959,14.5221664497034,15.8265806168321,15.2703809720887,16.6372043326828,16.0571131732366,15.073849901696,15.582394473399,16.3284263635047,16.0916586597398,18.1742247417486,16.2858957250059,15.4249396976369,15.123974038847,15.7954297596818,15.6186841809605,16.3618549138834,14.4717180405346,16.064580850478,15.9175776540056,16.1697076933788,15.6635868520204,15.895651440082,16.2997710024297,16.102641848119,15.4310677635014,14.6878789942345,14.0881671053652,15.3039712198166,15.3496311141512,17.1574819720863,15.0200438272467,14.6538604667579,15.1013032643878,15.6699625383104,15.2008250890731,15.3341108329069,15.5232027791608,15.6198003846829,16.1880142208677,15.7111844220217,14.8253318357238,15.4997350937718,14.7482738156863,15.8914812986272,16.7139512798103,15.5852689186986,14.5882046049163,15.5759411716979,14.6398285717725,14.5592724118937,15.9358273668109,14.5112169930584,15.0440006440061,15,14.1208931441202,17.1149609863234,15.5726957783649,AXL66,III
l7,170,18.0424993264969,17.7699453877789,17.2904207467293,17.8967514502843,17.1067225112845,17.6174038553818,17.5965809725598,16.925570770458,17.3827479164171,17.7940749533605,15.8271993245929,15.617511991772,16.6106573433046,16.0353537286376,15.7900965545232,17.1882721968978,17.2827096556879,15.7350923861197,16.4968464952313,16.0878703265612,16.4447256103923,16.3002018305543,15.8146649797236,16.7333213067869,15.5988023477726,16.3544204676558,16.7622116510345,17.7458204094923,17.8422227222521,15.399193222867,17.2537564193486,15.9683164480369,18.7127961372443,16.9428938108745,17.0397409002919,16.1206572938973,16.8712758197114,16.094851998793,16.1836039719839,17.0887028744149,16.6641094192901,17.7621631352792,16.9289961052978,16.4890896909501,16.3297910002728,17.1964519964779,16.9186829371454,17.1917198635713,17.7568986396492,16.9433049698661,16.0112545102508,17.1749870615339,17.1445604645835,18.6447853286562,18.5533502452383,16.0531254022272,17.675451975765,16.9940403043356,18.4963492903188,15.947706014623,16.6072672141812,17.3957045306299,16.3984961887202,17.2188631981418,17.7727535667002,16.9086613081225,17.1898541541588,17.7652548687969,16.8094663507027,17.5807916991022,16.4029814797803,16.9862008877623,17.1792204179757,17.6038282082799,17.0093541230569,17.0899804800428,17.0548956307437,18.0924832545064,17.5452830606417,17.1728202118258,16.8316652262131,18.0545797964398,18.8315792545262,19.5158285397005,15.6659659495385,18.0462262637699,16.4007218899581,17.2065314006818,16.9093331990562,16.3337786291285,16.8681136892806,16.4380340036833,18.5162645773335,16.5418205387859,16.711238056176,17.0018650588486,18.0841108615439,18.0046638487185,16.4977472278879,18.3933381763771,17.9105451052749,17,15.6417389706553,18.6787907329503,17.057340976231,AXL66,III
l8,187,17.2701850661482,14.9701016049862,13.9866582049049,14.92726203491,14.8674334818406,13.4434859075813,13.948062859073,13.0681531019291,13.5289308546815,13.6221870242267,14.5921615227741,14.2063401137969,13.7630053330587,13.9881267543852,15.0936754198803,14.4186918942357,13.7123172056676,14.61363535494,14.1954849466951,13.3398434871077,12.6296383757353,14.6543869697256,13.0913871359481,14.6601580428052,13.4497429857871,15.5962006406689,14.7371102206494,13.8567779822176,14.5032047497274,14.4379544730875,11.1032634200731,14.3432474447595,13.7671302114626,14.2986691988832,14.0012305495107,14.3235755938613,12.7708486324302,13.925046537675,14.392929096575,12.9749585255424,12.0413597457922,12.5673195032263,13.21484415019,13.4373331634779,14.6945211998256,13.5406333441185,13.0505249855403,12.7590271370358,13.5138912125813,13.5926251627799,14.9471497255117,14.2134532887397,13.2281597109959,13.8048085910092,13.3389717249451,16.3158144490179,13.355921953333,12.9306850670378,14.0208941479479,13.6901282568964,13.4553285824937,13.5957327728877,13.6497690086691,12.9911015233674,12.3939866433996,14.3871499646732,14.3429149614789,13.134599722365,14.3098969486794,11.879385384479,14.3168066188878,13.7201847637553,12.6596483724349,12.3821277429383,13.3189371023314,14.5170375198619,14.2621709084296,13.9456984458755,14.4706612515508,13.8484121959176,13.257752803137,13.1985550094901,12.2840612484463,14.0131558184951,15.2184551863971,14.9849150947167,13.2329138093271,14.5710958312774,15.2841245510754,14.511794423838,13.3919909040064,14.542080963365,13.3283719357233,12.3480430680105,14.6411196776337,14.527829701279,14.1367595246164,13.3576927108254,13.6505944157378,14.4083171676521,14.8341787113344,18.7,12.1627104971193,15.4401625958722,13.8676893313942,AXL66,III
l9,227,17.9521073916811,15.5765147049653,16.267875953951,17.5097236736669,17.1051852992044,15.8799126197657,16.6736249301166,16.3828214686367,16.2989001557761,17.4238600882646,15.8042815556559,16.6746608625393,16.9080963874492,14.8592010174357,16.8531735702614,16.2408954201805,16.093695021511,15.7489755036132,15.9571117996011,15.2444099395616,16.4491932397266,17.0413503139134,17.3343700403235,15.367629540074,15.8236062018644,15.1160503135716,15.7834441034184,15.6173666293494,16.3113586181128,16.4589652414366,16.5518854247203,15.6664611974092,14.8341416861082,16.741454124826,16.7807294018233,16.5974167363061,15.9649750584065,17.2720795083357,14.9287346609086,16.2951743636852,15.8069914129055,16.5392020950881,14.8308342180261,16.0251136558547,15.8981688464726,15.998885277595,16.0751164562624,16.0463757820445,15.295267513371,15.5669693193495,16.622873207234,16.4602072314033,17.4634869039876,17.2214532640646,16.6347368347301,16.4341923361661,16.1157346013529,16.4590284865699,14.9892494920204,16.4593393462167,18.3247439243162,17.1996723621625,16.3483038912314,17.4560144182426,16.5357695692787,17.8118269827256,16.3207890448876,17.4582730700341,16.4409339473067,16.4446169755637,17.4769153405225,16.1911351336316,16.2100998564385,16.0102226606075,16.2153783925964,15.461644635281,16.3565941585633,16.513852989793,15.8579743612666,16.7922049230712,17.2975821593791,16.1061493870451,15.0879216533276,16.6736709946662,16.1465217493662,16.6474429636643,17.299279626459,16.4157824503923,16.0934930370103,15.5448673361461,17.730986897456,15.1482654331062,15.8379387273397,17.0193328870264,17.0596284315019,17.0412945875636,17.2687294666467,14.9186918340162,16.6689170342584,16.2483603374837,16.860124780816,22.7,14.888946425726,17.7714069400908,16.3552137471392,AXL66,III
l10,251,18.1271287563874,18.0499331493758,18.4346969655657,17.863555082764,18.0939028397685,18.3329355914605,18.1128887107446,17.7016645370118,17.0617578848927,16.9768691094781,18.0127163669083,16.6394750104773,17.9689087547918,19.2376835509442,19.4181827896942,17.8183437442434,17.5584649454219,17.7798360241076,18.4029333570582,17.5095147237023,17.603687794797,17.3166967630815,16.4738903129761,17.5461320773506,17.1491278314841,19.0418831585677,17.3644221449269,17.2975993904209,16.4228376811399,16.7130143004578,17.1922257088831,18.4139994005231,19.0027822998633,17.6666365046996,16.4286658125605,16.4547875149119,17.6180852276084,17.7290805740513,18.4751904613016,17.166564250044,19.0864234848875,15.3964304974509,18.5246614632344,18.5790851731428,19.313871087671,16.1336794031763,17.4277564235269,17.6909252375213,18.8433212663458,18.7509944701108,17.5516950590882,19.5121907487082,17.3225425297686,16.8731706218522,17.6369005420247,18.1464756702496,17.0935445917155,16.5190532863402,18.1684240819065,18.0647867651268,17.8226069539735,17.2674141040758,19.0155251592439,17.5605801418298,17.9171290292411,18.0719864420967,18.7074637251168,17.8980404606361,17.7764141733821,17.7614899566471,17.7686891907298,18.0079114076011,16.8144425967854,16.7909043012861,17.3366052448878,17.8494190718437,17.8354302610169,18.0498330043419,17.2771488691349,18.1446747049007,16.5421885208542,17.5257849309568,17.1416207415023,16.9548340388567,18.3856929922582,18.255147888213,18.0600964589537,17.0157689402809,16.6438925015675,18.4785841204417,18.1324058645486,17.050478418647,16.3790422709714,18.622191277237,17.1372154993534,18.5342951381103,18.7768894758268,19.2375814356952,17.2920111072805,18.4468618260661,16.6517454843581,25.1,16.4009399760557,19.2757773193076,17.7401254578123,AXL66,III
l11,287,18.821138548853,18.5499535034247,19.490195453293,18.5770867980591,17.1432712235535,19.2753990804054,17.2616976328067,18.6812771168714,18.7119024946941,17.7170406093976,17.3321546430191,18.2451793833389,17.6537116311139,17.9285750034864,17.1836413854181,18.794499238501,17.8685342804054,17.3127763415286,17.3496444338359,17.8542691539371,18.4068183324047,18.6883686018723,17.1115868728008,18.7886095279443,18.1151193888556,17.3686141756822,18.9308222285646,17.8818083943928,17.0283461370422,17.9136599893331,17.8741848532058,19.0870419921728,17.7091655876092,16.3384320401612,17.480652046349,17.4451514940685,17.2957483570856,16.5613112948009,18.1931595612237,18.2984334736774,17.9791594937309,18.6777652129302,18.7502651111475,16.9939968725672,19.0396576676442,19.0395652175119,18.7007073337561,19.8278988371101,17.6865595772361,18.0250392223077,17.9147142904374,18.6256449877713,17.9450877049198,18.5978455724632,19.7225503287905,19.019841806324,19.5990106189769,20.0427462966335,19.6977900786892,20.6851187605697,19.0932649917903,19.3412250574736,20.4035062863363,19.9149752281407,20.8611780072593,19.9141610310717,20.0754164620329,19.8359349610214,19.4041211922479,18.5856035672088,19.588528081764,18.9764373477649,20.8910816140017,19.6178097276791,20.2350436740284,19.771062765239,20.1599175701923,18.982464474211,20.4518667496584,19.7923371763004,19.5699489850394,19.6185518160939,19.9902785238282,19.2584059590497,18.9837233607528,17.2134085231797,19.6674970760599,18.1672214206862,17.3324657236048,18.1447165275545,18.5469740805667,18.8894103001093,18.8788450157883,18.2735496439567,19.0005125833724,18.1731060155653,19.111201308845,19.9323293368876,20.2114282233087,19.2870632263515,20.1774298776428,28.7,17.0111715048047,20.568492755114,18.7045935721819,AXL66,III
l12,299,19.4214629255327,21.2047533865143,19.887943301435,20.8089422858971,20.482298178984,20.5278392173994,20.3650513986281,19.4270604737209,21.1243951490837,20.2680049099571,21.1082403573297,20.9932786956565,19.5850955743411,19.4364784025622,19.380284223249,20.9366702966204,20.7001216967923,20.8867271426467,20.3484951702918,22.0310219417485,19.2937152267327,20.2307851472004,19.5596529077222,19.7731146741726,20.475188908394,20.9284334427402,20.3594132163344,20.2533221289277,19.2839372049181,21.2299853828637,19.3507708132906,19.2517224201576,18.7841348842058,20.9043836786349,19.9513429104878,20.0124227435455,20.7028774018787,21.3871003114714,20.5869394808862,20.8009724114826,21.1618930538638,21.7749769579815,20.0231476982369,20.6316936773925,19.3954046877814,19.682521706474,19.9829046985919,19.5987437298239,20.5527728477489,21.3351207692287,20.4462455143423,18.7617636510531,19.4333218237446,19.7423792920479,19.5769430360684,20.5559814283219,19.6038786070043,19.8039839311995,20.1277623044591,17.7610822388342,18.2886000093223,16.6198058843462,17.4200223808364,18.80214572978,17.6325679756541,17.4623589201991,18.2310749020788,16.796026717904,15.6296818697398,16.6071590848132,16.5613271979148,18.0164404790475,16.9819224401874,17.5805763048746,15.9007122742235,16.6835010340134,17.7099066618778,17.6331363233017,19.0880757006233,18.2673243916775,19.5715899295103,20.1187256031279,21.2770684700095,18.94556608637,19.7565909223183,21.8637568078011,19.6000793339643,19.9044794140226,21.7922802664952,20.9594240392561,21.3281087856715,20.0819685089346,21.407327557099,21.9389944621077,21.0303376613263,21.2506012849851,19.3594233745763,20.3798290364307,21.0315112459145,19.312980610054,20.2178219775961,29.9,16.584243141364,21.8280185371482,19.7132448845408,AXL66,III
l13,335,17.9187085946007,17.9526299385759,19.1714086393314,19.4935062040075,18.3182689132154,16.6670007677287,18.8606840021838,18.0350072039605,17.4358623116394,19.3408652515782,18.5314119696873,18.1410247358171,16.9276512379282,17.8638654279246,18.1382675859343,17.6621248756774,19.1179685261205,18.457720777428,17.5037690313441,17.830526928335,17.2160056776213,17.338587210087,19.6144225905363,18.3044737181369,18.4873366376044,18.883696423252,17.2026443561396,18.9188874640222,18.6293507691244,16.8931246044615,17.4371792527309,16.7220415862192,18.6956896763082,18.4818385220162,17.7840172283309,19.099935490873,18.6090279991651,18.3516229470519,17.0949677665484,16.0230368602203,17.3173708094107,17.4635999326315,17.5202186233825,16.6450768796537,18.449205120153,18.5610307149064,18.279219580023,18.3928844701715,18.2042479920973,17.6747508505878,18.4432456187125,18.2219345600998,18.8336417604463,16.7565925037278,17.6282400842205,17.6808760443738,18.0119513039657,18.0483903350781,18.1331692971892,17.9575167667485,17.20262608816,18.8354390347373,18.1037689887927,17.9508317152605,18.7978578071375,16.5164648342989,18.3770340204256,18.9156624213817,18.2759438404187,19.4771121014255,18.8940997342739,18.6674104980051,18.0803132989572,19.2838765736367,18.1690249622334,18.3009959340672,17.9983530867245,17.6123721324373,18.7457870964101,17.3453334640556,18.7528386332982,18.1927982963524,17.8706928122997,17.8304810801565,18.4145708406399,18.0667470351245,18.7889972093529,19.0115195921107,19.4082794752291,18.1611844409141,17.5470742438455,18.7978957985592,19.4162666187715,18.2491526381737,17.591625889208,18.2074038022395,18.1119024786824,18.7937151351169,18.3446463028471,19.801929066929,17.6424809232437,33.5,16.6560388236912,19.4853091527165,18.1577409197721,AXL66,III
l14,372,17.8936174341182,19.3811078190153,18.5071164881774,17.8520661975904,17.9987945663667,19.2458300312212,19.4038508174715,17.0936292835133,18.0380426007399,18.6252056475619,17.9481806884976,18.0999735766036,19.3898618894938,18.3089718351935,18.5161198092592,19.4701376402539,18.5474761164635,17.6970976562239,18.5293101007427,16.8551776352374,19.0216779857359,18.3031775142589,18.5401372478215,16.8190802692842,19.0423812979353,18.0581456825828,19.2251707130335,17.6316954427707,19.0954537433492,19.5710007541626,18.1956312216504,18.5217740710269,19.8065809545405,18.408197772591,17.7672539702683,18.1275580594279,18.0556820867768,18.0813077255713,18.4768335276583,19.6607429230814,20.3274017746472,18.7753916876664,19.2376927785746,20.4868321693361,18.1425770671824,18.9475638461237,19.2568235017873,18.5478936901405,20.3108121886424,19.4027458480622,19.5727104166044,18.1751865360458,19.6050264685818,19.4043482404824,19.0426102368956,19.289147582561,19.7498496407407,18.4819933048782,18.6603665806611,19.7365746418777,19.8542747013577,19.1479917349883,18.7205808325016,17.7861131311129,18.5214180798211,18.4743561845018,18.6620722037776,18.387807439505,17.9357990286317,20.6294703561788,18.3038766752154,20.3377988057506,20.4186907614206,20.2613451593096,19.9705362400897,20.0088323553725,20.0857606409801,19.8834164774707,17.6741493075826,19.2015505894532,19.8532533512412,20.3068256938682,21.0846461701123,21.1314917230627,20.1358387558906,21.0875266835209,19.6799653678748,20.4090154379262,19.8913374914312,20.3762444505407,19.9667314949014,20.7923911561991,19.54808152474,20.1770021304068,20.1441820774915,19.5824939156818,18.4077478137029,20.6513171472579,20.2689812297546,19.735475345119,19.5717214269033,37.2,17.362662363142,20.9385186631557,19.1092347533803,AXL66,III
l15,379,18.2161005660616,17.7973931130956,18.7488610844768,18.8945618794098,19.8807905082472,19.127625568455,18.0715465744854,19.8480698493729,18.3083956397973,19.3362465469352,18.1537595326342,19.8225381875502,20.4370543066562,19.3081752277407,18.5619551037934,18.4261424868582,19.1069725067179,19.3881998185477,18.9442103374049,19.5104185137507,17.8729326038096,18.5103695806202,16.5296153830144,20.1866794427189,18.6885095431742,17.5964529374721,18.3869772938121,18.5131758822706,19.4385950734147,19.3886629301487,19.2774229110521,20.4896874061462,18.3838489491524,19.0421915756706,21.8361742790051,19.3374607707189,19.5895404519966,19.3223360989374,20.0074368227829,20.6620456057534,19.6127575113594,20.2539212281839,20.1590016634431,20.061081193169,18.7481761871813,18.9544441488898,19.2874870614972,20.3995688178372,20.8410901980836,19.7680707276691,19.9964812543449,20.6609175965158,19.3031072563344,21.1894112589888,20.5836536024701,19.5419363334514,17.8677303706501,20.0759768719104,19.5870135417378,19.0084447597726,19.2766970579823,18.8341160051076,17.8854652175512,18.4479448892596,19.2402081325625,18.5116833371134,19.9210233932869,18.951317402042,16.8043848930113,19.5749303191562,17.675867139511,17.8406097466092,19.7533382193375,18.3942640657293,18.1291925783108,18.5481509416892,20.1869264590553,18.7960615962009,19.5558827101386,17.0517711020025,19.2996713817653,18.4562582508133,16.5506528220719,17.3858142042667,17.7178250017957,16.4199161385975,16.9949589943731,17.5279788555698,17.2605137579704,17.1984976658351,16.92242263257,17.5810944000891,18.8434771037261,17.8287492202699,15.4740911118161,17.012852087669,15.7188031006055,15.6332056063232,15.8452123501713,18.1394392848259,19.3293038673107,37.9,15.7820077253884,20.7515679019185,18.7660393813985,AXL66,III
l16,389,17.3786512972527,18.5681635953646,18.0641776149827,18.4056447029551,16.854130261217,18.607120410436,19.0081004705426,19.4100757520068,17.6949067419629,16.892471484164,19.608891806635,19.1454031670777,17.6984434723518,18.4100446911425,15.8325159275281,17.9450819551165,16.8764974979702,17.4507171841018,18.9659540317815,18.8123391449299,19.192527642939,18.553061016734,18.9558223358034,19.1359889462408,19.0089765486349,19.2654569217952,17.7625376206595,19.7682536252826,18.1818212288537,18.009731707909,19.2155957504649,18.484882990775,19.1509369093751,18.3729550922535,17.4963595950227,18.2433588489866,18.5025021504496,17.7227967587388,18.060410591661,17.9916465555998,18.8924828165311,18.3085189233414,19.1548442105361,18.0481638583462,19.2161553432752,17.6037493502225,19.795092656151,18.3950702406405,17.0548535707086,18.1414687019479,18.3142992836732,18.0777598843743,19.1388595987812,17.0902214184966,18.3638961682017,18.6763320871958,17.172331156927,17.8814045911677,17.2057510026124,18.3498439275276,16.03202406024,19.350970174653,17.2756601552561,18.8722161770603,17.6685688938246,16.0189096525999,18.9440393215801,17.5412918277543,18.4684132465884,17.2794583273892,18.868105842961,17.9477129146744,18.8987784605193,18.1555879252857,18.793492355752,18.9946226354354,17.0904529874334,17.0922603626331,15.4167875728144,16.6602897669308,17.8682236077888,17.7030180786861,18.6585156205642,17.4826786855499,17.3538383769547,17.6355299516742,16.6123839856777,16.608951544029,17.64084439968,18.2934296046462,16.9136465208903,18.2529409321086,18.0405915335066,18.4620991273673,15.0406846988478,14.6603266605792,15.0926270314622,14.5985660505021,15.6659363140192,16.0018088672485,16.1803345345866,38.9,15.066655865155,19.5094837793209,17.8982442735259,AXL66,III
l17,415,16.8292812042352,17.028406771116,16.9996772692402,17.9931876631122,16.9039824262275,17.0079033343663,16.142170186567,17.8777132632777,18.3414007975786,17.8834029603492,16.6680500006598,18.0055678193814,18.2174160203797,18.8859834882961,19.7699613032651,17.1818469404746,18.1539463836555,18.3698902663028,17.9366366954764,18.6455268176039,17.677661753076,19.2380663862328,18.5687986919467,19.6642464323029,18.3993004115265,18.7865617056332,18.8625958211272,18.7430664853157,18.4766593675265,19.0119308072336,18.6718976460732,18.721369031502,18.2634729521441,19.2930515555321,18.2574829651773,18.9262688607364,18.8549091492099,18.9767776855997,19.2314277422559,18.7600481818684,18.1424704493176,18.4977285736098,17.5935191316639,19.1187855732065,18.6948757711415,18.1155291283351,18.0227411852101,18.4920054580493,19.0001876064584,18.2346524358909,18.5802058205282,19.3914886559291,18.1095253930839,18.7404973116457,17.7222051923085,18.2556460456994,19.0674075421603,18.0896625574281,17.4411168065939,18.6213823330343,17.8698324974139,16.4587704572069,17.3273979186218,17.7344634083919,18.3919484574595,19.9976596669652,16.8641128654586,17.209791587334,19.0488962194861,17.8723862689085,18.7062082368687,17.7242428528231,17.251077017082,18.0648378030152,17.526186519028,17.8971893403604,17.8766990754838,18.2623797754559,18.6158006043215,18.3598325185672,17.3621067037395,17.3770389007492,16.9692252327034,17.6484725750558,18.7870672703712,17.0250402124686,16.7733851365322,18.8855519558827,17.6210329514667,17.3791995324859,18.336177968965,18.1579309239416,17.7819008069751,18.2650510319544,17.4400670552081,16.6453149819714,18.8858677278358,17.5812367041561,17.5572627859499,17.644625685113,16.5622579839985,41.5,16.6037864829849,19.527867544116,18.0980663904223,AXL66,III
l18,438,16.8292812042352,18.0870531932439,17.969496476374,18.1767249235718,19.0661401316349,18.9011299315086,17.9104159538138,18.8731814140614,18.7914498426823,17.374440554076,17.8721938946691,17.8341602137231,18.0513918239699,17.9496461316056,18.3697716264508,17.9949790005673,18.8524612545917,18.0458787780549,18.0419015139445,18.5345579241342,18.903204075099,18.5504833859488,18.7009105459917,17.6131973897974,18.3546394198969,18.4217832224006,17.8956114619768,18.0318504315521,17.7893872651004,17.1054300443151,17.4260650844162,17.2192049730803,17.4119927267749,16.5867463083038,17.3102855947489,17.5554080925995,17.2455529510237,17.4081804752254,17.8264513003005,17.5258396923071,17.3508986017181,17.7436077413172,17.6313071561995,17.3776909830778,18.2065726608603,18.1833931218226,18.0285792750497,17.6783854781772,17.4403779131662,18.3791198054732,17.8300663086311,18.2389322590742,18.2363439136331,17.644432256092,17.8142693611843,17.3723800846819,17.161070917421,18.080097703488,17.9223066754332,17.7991820319669,18.4356988458951,17.8550190112241,18.1606199144666,18.186807408995,17.9725909358885,18.2274063388026,18.104106393216,18.4932821056764,18.3958650547865,17.637615835095,18.3034653617508,17.8835272800169,17.2782060646574,18.0789576328914,17.8713956370867,18.1634704748067,18.1738704913355,18.189328452875,17.6043168858038,18.7406780048987,18.8779580265527,18.0114214381917,18.5564444081581,18.3165538196486,17.4554038148049,18.0792945630188,18.2169696795243,18.3523982671786,17.6502752595637,18.5949774966173,18.5233443800931,17.6159379448992,18.2339354437754,17.8953355905388,18.4529262074296,18.27335620624,17.5920422500075,17.9993850627559,17.9402965321156,17.8047325696696,18.5635384128934,43.8,17.133250480868,18.8895439790307,17.9929727720801,AXL66,III
l19,461,16.8292812042352,17.9969838559871,18.10944209253,18.2268615737306,18.4475939078102,17.7865879620955,18.3850833088141,18.8755665945879,18.9960346045488,17.0400615203726,19.0924850075564,17.6836416522038,18.4368899564804,18.8535720673918,18.0610846255011,18.1789679459036,18.3502067626887,18.7517029727783,17.9120161856226,17.2803766811707,17.766429237926,17.2922865181147,18.1544029603275,16.9108049650566,17.5019862179086,17.3813314953289,17.997646649055,18.1163056129658,17.2817225868734,16.9294228208576,16.5462635286025,16.2231666800178,16.8829956649877,16.3309999812217,17.3497528724983,17.6274125251213,16.8384423504304,17.4532606756641,17.2005748556094,17.0233197450733,16.8442259876769,16.9242522527497,17.5846398753305,16.106392203098,17.0809056634228,18.3096857546969,17.539176534402,16.886750477703,16.3557367686283,17.3992180487947,16.8550159838175,16.6847838466052,17.7994246368289,17.3405135180009,17.4152217899524,17.707932202058,17.2305315294375,17.5507420167965,18.8466048560871,17.6253446910687,18.8765107360626,18.6267015507362,18.4698769769741,18.3165653845441,18.3902731244142,18.484228215407,19.0832855134742,17.9792590323055,18.5184454127548,18.188968427568,18.086613396143,18.3444914870884,17.3399941805649,17.608531727349,17.9586131177306,17.5976378287784,18.0679965032148,18.6333844696388,17.8079192666632,18.2814168234065,18.10809509223,17.8651743085231,17.9486120935436,17.2669202440456,17.6441445751742,18.1885255306601,17.9780151772615,17.949601790732,17.3438876975844,18.4338591706609,18.5141941672208,17.8253633177686,17.754284056957,17.5972355318204,18.2996228567597,18.0931304593245,17.9189876577757,18.0022888237602,18.5906369611702,17.2394996477046,19.0342771031825,46.1,16.343368374925,19.0151558538656,17.7866053118959,AXL66,III
l20,484,16.8292812042352,18.0090120350975,18.0242565777368,17.2465842659807,18.0862692049578,18.3825764212875,17.6467949263806,17.3759877140642,18.428393554456,17.0689493016241,17.9073206379067,16.6341203479688,17.6588671121849,18.3058708525588,17.0655934367784,17.6376822062928,17.154864255921,17.9373416602766,17.3092859487456,16.8166139976436,17.2493871824297,16.9192065372186,17.7298519897894,15.9571853932992,17.1151878729489,17.5708527902206,17.2244744538045,17.4728820350881,16.9121100450934,15.6598049770065,16.1244031687992,16.3015881414704,16.6034476970739,15.3096763297509,16.6618996492112,16.6876180755128,16.872979018971,17.3121019399197,16.599716797618,16.5424750279089,16.5565249842908,16.6660043048156,16.5910190307224,16.0980625556214,16.485129758188,17.5876401645196,16.0788476965905,16.025697625774,15.7968317137148,16.6873562737838,16.2108286159092,15.3406718684468,16.6067330114429,16.3077718175536,17.2570767323801,17.492968237468,17.1441210387167,17.1573463853108,17.6062754160082,17.1773877209328,17.5441994314346,17.8248042456925,18.1604550115737,18.2737151890054,18.1551520633016,18.2070304372086,17.996576102813,18.1071100763722,17.9008565288675,17.7275901178389,17.3224506754909,17.442691012882,17.4768479753349,16.4374789533539,17.2592998536563,17.7782432694034,17.1513675005535,17.8417062187297,17.9111963898867,17.6493437259852,17.8741382407831,17.9594454961865,17.9201144756833,17.3285127595027,16.7018827984795,17.3856100562724,18.2159276036474,17.4990818363324,17.1236292985919,18.1236297564817,17.9751033828077,16.9861701244542,16.7851704922779,17.5689858453542,18.0080951478303,18.1123235306608,18.2336675959945,18.5014059899264,18.5397840216933,17.8696282146714,18.402177884869,48.4,15.7283183453606,18.4152857196625,17.2921723670229,AXL66,III
l21,507,16.8292812042352,17.4684448976853,17.4428209321641,16.7781865602561,17.5502862991138,17.9834919950216,17.3729763359451,16.0740182082207,17.9475525574489,17.7237762799624,17.7406850766454,16.2462402999028,16.9439547331851,16.2565829363633,16.9631443609825,17.4226778442827,16.5176107003052,16.2601925445695,16.2310755677342,15.506084697462,16.2285798817442,15.5868015340327,16.0651486573028,15.6103831130417,15.3157664242245,16.163507352108,16.3771868959767,15.4309931373211,16.0904705047689,15.3022368332228,15.7338514441089,16.3456357465558,16.3942502992798,14.7859875807022,16.5843221317151,16.1811344358671,16.0961380211318,15.9519627766047,16.1094653663971,15.1327170061345,16.0804425944635,15.3864770935312,16.0199620619393,14.9671574634616,15.1971725820614,16.6618822831521,15.8249210252069,15.6843681367156,15.802728454844,15.3552844809318,15.0936606421271,15.383791726597,15.494080368584,16.6622888693892,17.1458871762234,16.6121774038803,17.9876549677215,17.9543168993076,17.300910256486,16.6364521200222,17.2208807885088,17.37012057021,17.6088843964391,17.6512241388909,17.5987125002928,17.9175800706931,17.475214064108,17.9265628622037,16.927523460336,16.5274935231737,17.309996378697,17.1360869368674,17.6367079382403,16.5906043979456,17.0977793696528,16.9776167069613,17.0595500898672,17.3522466420218,17.5278296403582,17.664101129096,17.8821569248475,17.9630956618988,17.232931395227,17.1163352750561,16.9134386075137,16.5272462771001,17.8112855539403,17.4949277107988,17.3919482289083,17.3126533469086,16.8722343887813,16.5374668009812,16.7878048739824,16.6808916874895,18.0777107959272,17.3405539453462,18.1050752238603,17.2919004611146,18.5054168870183,16.7265736944351,18.0300881989022,50.7,15.1131888241308,18.0538994974147,16.7443137754948,AXL66,III
l22,530,16.8292812042352,17.0670967939215,16.6093118646352,16.2958180629184,17.2275493278835,16.7708543531375,16.8530163435821,16.4249156548074,16.244985271196,16.8184708825352,16.4736497956534,15.1365955879477,16.4170203331005,16.4447103856245,16.3892696736162,16.6120694738043,16.0323312045054,15.7881679503542,16.2789916144665,16.0041064252886,16.0595991467579,15.3210758282743,15.4384015482137,15.7983887549263,15.0251712337481,15.1553704099432,15.7887167010444,15.4106157510769,15.7704114570904,15.6474922480984,16.0808959613494,15.9039942242088,16.1510423275941,15.3307654503676,15.9717506833204,16.0505800975617,16.1145107721082,15.7098543156518,15.1619354577278,15.1962827049585,15.7157109928686,14.8855232995285,16.3712185627885,15.1233765210446,15.350800293617,15.944652274499,15.4492372908569,15.6279125650021,15.0502076446944,16.0506201553887,15.3215283578256,14.916795069204,14.925614508039,15.2838974884762,15.9902047836721,14.9784960417699,16.1131634746161,16.3751920291441,16.1212105895909,16.494390647751,16.7882757461837,17.3266624542264,17.0968483209484,17.4673493491963,17.5941501974577,17.0416743695601,16.500424602668,17.7146624181096,16.8750921505328,16.3658709963471,16.112607702935,16.8908801021788,17.3485503499815,16.0493168416815,16.5498236077078,16.9359326420066,16.8517371845694,17.7074326165483,18.3210197945661,17.3674259887218,17.6322327915851,17.3529159007237,16.4943129900027,16.5805382835208,16.6573526845168,16.737928049318,17.1454606695995,16.6536087015986,16.8562846821306,17.5155065599149,16.6133661108816,17.2449626403812,18.0217064840315,16.5652281844935,17.8459964596065,17.3023501433936,17.2944075880245,16.912874027906,18.0663749332551,17.3611212700162,18.4619301437138,53,14.9520552749044,18.0440407086433,16.3971981841817,AXL66,III
l23,553,16.8292812042352,16.2450779915111,16.2938061786777,15.7393402070195,15.9798371833258,16.3795988814738,16.5273883153737,16.1476159145221,15.5741784326312,16.5155888202883,16.2371960586955,15.039720027279,15.725766845015,16.0732551254283,15.997098060797,15.9440367988618,16.150049821644,15.9862467474334,16.1975664316665,16.051943912988,15.9302832906506,15.0287880744956,14.4584892019755,15.5220066871276,15.3556791540194,15.1701447054399,15.691318621137,15.3105040574062,16.0821284814578,14.7037034429199,16.1231090646523,15.4280123211927,15.6149392323867,15.5399793157973,16.1821211973803,15.4226786041607,15.5978242439037,14.9973695637769,15.1293578187933,15.3254179793946,15.2316239495869,15.0262954171021,16.3053179874137,15.5705874498854,15.2803608581698,15.3530962750541,15.9908070123004,15.1659768722728,14.9292572776392,15.8723137489453,15.619420678889,14.5778998494501,15.0143910082649,15.8051132248611,15.3584404060231,15.4679923909099,16.5500971140497,15.4426743059912,15.8709165809788,16.4581324489158,15.1094306519393,16.6558442824163,15.9189143939644,15.4138271910872,15.7707364603031,15.7463368285307,15.1569930273114,16.0906018437471,16.1266106389298,15.2091561932068,15.5942779738563,16.1870951009855,16.7169930738029,15.6947618276221,16.2740030230124,15.7388546867166,15.1206850485955,15.3754868235849,16.5522384606123,16.2374607625978,15.4962385824639,15.6909887697107,14.8721363185539,16.4880379778495,15.9819649881181,15.2817919262771,15.7526715902766,15.2431629121144,15.5216156270224,15.3765910660453,14.6786616123826,15.3066960212574,16.8942562678824,16.061222631983,16.6807665663493,17.9247621326297,17.1340489484771,16.7062006963839,17.1739995273822,17.4464333529842,16.4222654145895,55.3,14.6911825276513,17.1540242379296,15.8016236049227,AXL66,III
l24,576,16.8292812042352,15.5677253086567,15.9350945467454,15.242119476021,16.5687351659642,15.1654338567777,15.7591453609745,15.0740097550681,15.5321819368928,16.3974230068167,15.7141046918064,15.1302281398918,14.733809999082,15.6427959315721,16.023036661159,15.6302776673632,15.8825141838219,16.2189209804058,15.9372175037585,15.8868878324042,16.1422992609144,15.0925539090628,14.2388894838786,15.3929988357772,15.6929247052822,15.7426432941008,15.1368126475649,14.7907482066126,15.8453110630877,14.7570162062815,15.99583900202,15.2527582899648,15.9398969916357,16.2107946324018,16.7897393545962,15.2873401312279,15.9660295706975,15.5626276300229,15.4018880388282,15.1359841996111,15.0161940735884,14.9097221748983,15.8442446930947,15.4283952909997,16.1354217510333,15.0912858605944,15.1887917341526,15.5418300529628,15.9465899504693,15.224317970122,15.7558144053344,15.094485819706,14.6592992557934,16.3043241379734,15.2950629087608,15.4823202652011,16.0114575518381,16.0834342544215,16.164673492245,16.1800938234392,15.9483808019862,16.5454938805054,15.06616415652,15.5463604736154,14.9380232443912,14.8932512772182,15.8155059804612,15.5738590581388,14.9848649860606,15.2418254293938,15.5355827123824,16.1534597237531,16.066289981851,15.5371718053494,15.1725784896283,15.2023076659346,15.2546938529036,14.9674654169949,15.4037962249082,15.8368104455031,15.2772211868303,15.8834998212684,14.9561389802992,16.5733351470189,15.725088721316,15.1714874797072,15.5691171089927,14.8892650954851,15.4267291613883,15.3629291244881,15.4183742418557,15.5453073349907,15.7650921508913,15.6909196365371,15.5668727598593,16.0627141480305,15.9329080501231,15.0396342330427,14.7398396711811,15.9774033035443,15.1870480164842,57.6,14.7368248351316,16.5710351564916,15.5648377139648,AXL66,III
l25,599,16.8292812042352,15.5957688378238,16.0773677375752,15.9899059024209,16.3286971363177,15.1937456850015,15.8582519508702,14.8978001780367,15.2245643254623,15.7597540704323,15.4066636629952,15.3458233357919,14.8361517913178,14.7857176306412,15.7187620651371,15.6299266252402,15.0118930159499,15.5461618704081,15.6574181641314,15.4491856749414,16.049306630089,14.8888853525189,15.191128884064,15.1243344758203,14.8932554980538,15.9771207815131,14.6866517284881,14.3769646156348,15.8611283124848,14.852061810061,16.5650883360589,15.1784647985838,15.6313974334297,15.9733246754648,16.2604353876201,15.7675296714166,16.4979362483772,16.0313828379767,14.8436412556483,15.4086348000209,14.8523351845488,15.0585830758473,16.0850166973851,14.7365319488205,15.2177731918568,14.2272510866988,15.6212293762512,15.6813349646261,16.5527641989123,14.9914785983635,15.027895060363,15.7966422826356,15.3457296825907,15.6368848858317,16.0977318665117,15.3133600540716,15.552768369931,15.9646213370476,15.6781580578622,15.478837710011,15.9791527382023,15.7031803374799,15.011248418003,16.3214977543717,15.1114110332832,15.1188620867157,15.9551636034233,15.348408910128,14.9626776760166,15.4281445765424,15.0093346815089,15.4200294443894,15.9162703810065,15.5222696967486,15.3136468705384,15.6542151919691,15.2298067992095,14.6469928685181,14.9713241398382,16.082843497626,14.6744899704599,16.5075126881292,14.8387524696245,16.7108008119596,16.5527917733617,15.8759838160126,15.9559270836114,15.2826337567012,15.7514156028884,15.4783166649032,16.0541853198933,15.7741593131593,16.1347546724687,15.8536881668188,15.5094916253741,15.454865956755,15.7874401132922,14.9939814599618,15.1891231429185,15.1800503489817,16.1879925510697,59.9,14.660741419489,16.5589400547103,15.5304285152682,AXL66,III
l26,622,16.8292812042352,15.736912022598,15.6427870703607,15.0212586031597,15.9756135730744,15.0483014508993,15.7980764210559,15.3110175826424,15.2999793495007,15.1092862502212,15.9836043546785,15.2396090218429,14.8633461236481,14.9558726593143,15.4436228694324,15.4066186689456,14.9217863934745,15.8240581562557,15.9477942234925,15.1074630741834,16.0127608814851,15.615437140843,15.4333639048883,15.6419846045802,15.220786774453,16.285063716661,15.2883683196287,15.7885238048614,16.074845689942,15.5215805878838,16.470511764993,16.1739040233823,15.6110265303634,16.0339273249786,16.6702639435241,15.1450389535294,15.9540592038879,15.7795910688952,15.7607721448527,16.4510289875878,15.361127774595,14.9576425750097,15.7328314753677,15.0773176926668,15.871796025158,15.1508489940181,15.1128060880871,15.6957769852665,16.4413121299094,14.6567819619225,15.2357220405765,16.2613852739407,14.6880211845558,15.3876520534735,15.4855654834103,15.1285686108168,15.5051074533468,14.8081000785968,15.5557349781951,15.4327136924111,14.7310969491287,14.8953022553202,15.1364547993957,15.5478468493734,14.4481807245093,15.107707373123,15.4413011912804,14.7505902977566,14.8237314034167,14.7338837730451,15.4864031802778,15.1149165872231,14.8299591049946,15.4739481460977,14.550913542623,14.5450633319474,14.3307702906675,14.5536728070311,15.3536394782172,15.8194678370148,14.5605278829553,16.1431695577164,14.9196066158376,16.3178204487323,16.0799115845162,16.0594544144281,15.8802933176244,14.8766464759147,16.605828759514,15.2289977453779,15.4054045990729,15.9417000750812,16.9154665023188,16.7824972969641,14.9037952855264,16.0791388765864,15.9944519010754,14.14688255701,15.0774209743376,15.7201227367347,16.2263343117915,62.2,14.4966220282284,16.7263806202441,15.4800620082883,AXL66,III
l27,645,16.8292812042352,15.5599058957528,15.1512297010232,15.3394340612181,16.431687053594,14.6261607687683,15.391408201901,15.561413380081,15.6375777945571,15.8030241606809,15.8305353526151,15.2159146555718,15.2211184837247,15.6583469731416,16.0957477797212,15.7936419912179,15.2700656217241,15.6518165625647,16.1679144137631,15.7169971989889,16.3475115579196,15.8858497754207,16.0891310055564,16.2976592322955,15.9277238993021,16.5063887762533,15.6030269793415,16.3152773931239,15.9232664249736,15.6939726573035,16.6590100303639,16.6796421501775,15.7910669357293,16.0559954166742,16.2900082844959,15.2674646920581,16.2318874132831,15.6639489214739,14.9370506709611,16.7315981407983,16.1598110659341,15.4346251251663,15.1113303360418,15.0942297004061,15.7636466937363,15.2323463839146,15.4355298640691,15.8222435704065,16.8251252675981,15.352226137011,15.5184684237448,16.1350159652984,15.3300800113312,16.7103497321569,15.8394530523675,15.2978350275907,15.4739160130729,15.5721837159469,15.9507502408906,14.9846775467368,15.6347790380332,14.7842069726067,15.8289455523303,15.822136852381,15.2550519062727,14.8785776680286,15.3711770769093,15.3612519554688,15.6758916175263,14.7082971232731,16.3021023649494,15.8463939874118,16.4113022180928,15.0577857135701,14.8720035643134,15.7572721917518,15.3074193011426,15.4242072143174,14.9335303413386,15.674731517379,14.6313661620269,16.2163563002905,15.4354430992214,16.0361960874934,15.4173166286016,15.79033930211,15.4484876095097,15.2511373674458,15.5725739498269,15.9920137296567,15.6593985168953,15.7478476470167,15.5826759580036,15.7784939759901,14.6678480392612,15.4967655862475,16.2883701953217,14.5539484417235,14.8210183199834,15.5941588671914,16.0764955730819,64.5,14.6496071006441,16.7209739364776,15.6619788219779,AXL66,III
l28,668,16.8292812042352,15.8099303863606,15.6082817560539,16.0457477775908,16.4030679937274,15.6757778531832,15.6284578088542,16.6204731703445,15.0613939491259,15.7609662475101,16.7110467308729,15.6002094459044,15.7647142345951,16.4007049959637,16.2077608367668,16.6700790269552,16.4327311474237,16.5132912473101,16.4667643383668,15.9606363596041,15.2899913111564,15.6610096831992,16.6267586863466,15.6213700984878,16.3830193083269,16.5487797412716,16.7748308182288,16.209274178575,15.8282038571303,16.3282156134221,16.9349478849092,16.3393394151073,16.7214279337203,15.9952530126914,15.976364667483,15.1867655604531,16.7150298780416,15.2838846971172,15.1949619127066,16.7782343501149,16.8194487458537,16.0536216985819,15.2351891524976,15.3112930010939,16.2548523526377,15.7828423756087,15.9822192608918,16.1152599010817,16.7961074239437,15.1369162987745,15.7315018096275,16.9428239044014,15.3338029776317,16.5091625497344,15.1407447668586,15.414131616109,15.9797711923198,15.7251287328223,15.5276441744348,15.0907308408361,15.8821386406418,15.0154910635665,15.0246242696563,16.7204578496682,15.2016383823252,15.1260043204992,15.8242236493165,16.3441297508258,15.4505599695251,14.9495160421468,16.4928098525133,15.7656679405627,16.2317168794902,15.2823841056554,15.9170948052646,16.2048526807931,16.5480583679902,16.5450762562849,16.6318615604807,16.251716732119,15.2467360626514,16.0698720132447,15.9903018966669,15.2999723081393,15.4902980562353,15.7109728880819,16.3248110622618,15.127115118215,16.0472172203587,15.7537127608397,15.8439629255977,15.9090498184185,16.3075853879255,15.5308795985348,15.3086518077757,16.3234727136638,16.509605958012,15.9494221895382,15.5495437244884,15.8256815382515,16.3090459655838,66.8,15.0430091093911,16.8243649750445,15.9533673864236,AXL66,III
